id,name
6e6918d5-dcd8-4de1-9cea-09198e8c2883,Michael Garcia
11fd5327-597e-44f6-93b4-3f22d52575a8,Michael Meza
870264f2-3e73-41ee-8d7e-c87e02ec364b,Patricia Joyce
c464af58-fab6-4bb8-87d3-d1ef4a3bcfeb,Henry Zamora
08239bf3-ae30-4c5b-a6d2-522e6e040bed,Garrett Black
2df4db08-6347-4033-a00b-883a52dfceaa,Kristina Snow
75b0e3ce-da97-4669-a7fc-bfb2f21ba268,Christina Rollins
7c733216-4b86-4206-90d9-046308103fab,Justin Duarte
cf27a256-2b06-436c-b1cc-cc37b3c0752e,Jasmine Murray
40c07c5f-7fe0-4bb0-891f-cc4792b8b784,Joy Lam
8f51fe56-6045-4ccc-96ed-a20b8ddee249,Teresa Evans
f0e6abd7-3d65-4ad3-8e91-d4494eb327a7,Chloe Payne
871ca3ab-f8e2-4ee0-abc8-49c5aea514d1,Matthew Stewart
4a61da02-277e-488d-99de-9840e5a8ec4a,Jessica Meyer
530f4395-121f-4892-b477-a13e74bd10bd,Misty Lee
c3f29cb7-679e-4c65-9333-95f75a02fdcc,Brenda Dillon
99b151b9-9058-4bab-832b-8c0314faf9a3,Jeffrey Bailey
bae034f7-98fd-4089-ad2a-d494da6a17a8,Amber White
7a0b2f8b-daaf-4621-bbe2-212923473040,Elizabeth Ford
43fbffe9-735d-4b83-9383-b59423713bee,Katherine Odom
2c08546c-be5f-43c4-9861-49785959699a,Jerry Thompson II
3b9c7fc7-ee97-4145-8424-9d40481ec0a3,Maria Rodriguez
75703e96-3214-4632-bf76-54f518cbe6bd,Janet Griffin
0430f8d8-d385-43eb-b0dd-ded338c5b20a,Michelle Herring
19fb5dad-92f3-4268-8159-0490915385bb,David Buck
c5c64694-d560-4c9d-91ba-a137c2a9c9e4,Randy Lyons
e9bef8ce-6579-4cf8-bc3a-64474f534ad4,Brandy Harrington
6514835a-ecdf-46ad-b444-49ecf7fd0502,Susan Stephens
94af4b19-c06b-462c-9a4c-05e8e3e931d8,Beverly Peters
bf2f4832-5855-498f-af18-44825efed56a,Dylan Carrillo
8928a1c4-3996-446c-875f-2434a14c74f5,Lauren Rodriguez
81a84746-f4ba-4ff7-bc6d-483c80e7a972,Kelly Bennett
a90b0bbc-f1ef-4883-a25a-dd2470ae2a9f,Patrick Thomas
51f6239c-5d17-4c9f-bd39-ef872611d412,Sean Manning
793c4225-fce7-4be9-8d05-c14fe953d7d6,Jessica Thomas
c2f9631f-f6ce-4fb2-b75d-eec6f2a0423f,Connie Harrison
4c0d16d2-288e-4b73-9d1f-1b0c68015f8a,James Gutierrez
07608bdc-217c-47cc-aaf1-63abb1366d13,Philip Haynes
1901720d-7b9f-4281-82e8-a5127fd48e0d,Luis Francis
d78d5c64-4eb8-455c-8d60-00e900ee33cf,Amanda Hill
aaee4f9c-b536-4067-b7f1-adb1740b8fe0,David Webb
bddf900c-505d-4652-83a9-59386b78ebd3,Michael Figueroa
44f78880-25be-4698-be1a-a9e7b70717f4,Mr. Jeremy Cameron
5c9f3cba-ad81-4f61-9672-9baa3f64b24c,Julia Velazquez
1076325c-3059-46ca-927d-199ce1cfd22e,Pamela Peterson
0d5a7eee-c9e1-499b-a2b0-9c0a70390c4d,David Hanson
ad37f3f3-9144-48dd-ad0f-35c4e2c431ae,Jonathan Graham
e39c86cf-7aa1-43c0-8ddb-c1a329b05c73,Tamara Wallace
427d1c7d-3c27-4a75-a6b2-503d6ed1b120,Brenda Kent
81031d93-0e22-4930-b6ec-4d815f011804,Eric Porter
0f6c7e26-f96b-4007-a70a-7bc62012474c,Ann Morris
95b3c9c3-606b-492d-843c-d0d55615613a,Kevin Jenkins
5e0b8b8f-6a07-46e1-bf58-cf92cf4aa76f,Christina Patterson
eefbf3db-62f5-4a50-a8c5-8c093d6cb8e8,Leslie Cruz
b990551e-ec20-49f6-907d-5bad8cccccc5,Judy Alvarez
b12e3a24-9670-41c0-b1f7-ecfe14f2dc33,Derek Marshall
e179b7fe-f367-4e0c-9835-955e2be2b738,Melissa Martin
d1c6397f-6c7e-4017-a87c-eb411e243677,Janet Robles
dd9d3fa8-b9f3-407b-aa08-f7a89c844167,Ashley Lam
e9859013-b500-4203-98ce-84dd328054e8,Martin Barnes
32907041-2ddf-4c53-89ca-925a55b59aa0,Robert Lane
949be618-d38c-4f68-bf13-e757daee9c55,Kerri Wilson
047fd16e-cd6d-4d7e-a100-ecb8ef7393ea,Joshua Webb
04acb105-2094-4d01-bb6a-187c27b1ed93,Alexander Burke
67e1591e-60ee-4dbb-b9c8-be2a6e6c6cb0,Peter Ross
e9dd98e7-2f83-4c52-b372-437f245556d5,Katelyn Thornton
628f59ae-c07c-46fe-9a18-eee945a307f2,Kayla Brooks
2a08b817-fd59-415d-aa00-d6e5667c1222,Barbara Ward
18026da0-db89-4671-802e-adfd6850a67f,Martin Cook
51ed4768-412d-4bac-852a-3cb81a3014b8,Kathy Harris
d2ac7735-d326-464a-906a-c3c6c99e7df8,Lawrence Brown
63f2531a-c723-4795-9ec3-d37dbc4d0d01,Victor Hall
003f9e59-974a-47d8-90a3-0d798165a3b7,Michael Carter
5f18737c-06fc-44e5-bdcf-83bfceb0b404,Ryan Austin
86add4f1-2bd6-4223-9057-f69863440aac,Kristin Frank
818600ff-4cd3-41bc-ac18-60457fae6c55,John Mcgee
2bf8036f-4d7e-4922-9fbf-99921d14f306,Rodney Berry
b4e8b866-2b74-41e7-be2c-d3863c95c017,Laura Hernandez
3b1eae12-11c1-4eb1-bd6d-d5fd55bccb20,Erin Flores PhD
30dc1519-2c4c-4cdd-8855-3de36740400f,Michael Perez
ff3f7a5f-acc4-4444-8a48-ed930a8ace15,Julie Fuentes
3e212752-87a8-4b02-b742-1d4d1d676c91,Deborah Ward
86a6b15b-6c8f-48cd-803e-c311a8376ac2,Terry Obrien
a18cc010-6d4b-47a4-8c96-5f6161a543c0,Maria Guerrero
87e3daf5-3684-4453-a935-e9dd929e27b9,Jeffrey Love
ca93c57a-3602-4ac8-9241-58ed3251e5fe,Hannah Davis
a9958969-afd6-4496-9c44-a415d0bc1f8c,Angela Huffman
54f7bba0-196f-4662-833e-faff549f06bf,Allison Harris
452b2922-092b-450e-92a6-748efa93155a,Gregory Hayes
26ac3e9c-1d3f-4bb3-8d0e-da0351bbe574,William James
4def9927-8059-48fe-9895-2bbe1036560b,Carly Harris
084ab211-26ff-47e7-be42-9283d2282e6d,Susan Mann
799f3287-4c7c-4f84-b681-04a1b1d1b3b1,Eric Adams
e7404b72-b97b-4710-b401-f4c9ac5bba5b,Dr. Erin Turner
956424f6-612d-43cb-b250-cb2a1e537692,Elizabeth David
3c593c25-6bbb-4037-baf7-f01ae524894a,Alyssa Riddle
42967f5f-18ff-411e-a95a-b6b1a53566ac,Timothy Navarro
6662d0d4-1aea-467e-ab86-5c25038dbbdc,Dustin Andrade
a55a0d44-7bb6-4028-bb97-6e5f12fd946c,Gregory Garza
c550ab05-4b4e-4d61-b76b-44bcf5f825a1,Matthew Young
8719a193-9fd3-48d6-94a1-26dac844e4e3,Don Duran
25497b12-11aa-460b-af1d-5fa999a8e3db,Shawn Baker
8126be02-9a55-4a23-b89d-83c2f94939c3,Rachel Graham
c3a7ee01-15c9-4ba5-a4bb-e3492394341f,Cheryl Campos
d058117c-54f3-44f3-b4dd-720a197796a4,Sean Carter
ecef3f1e-81be-4cbf-8516-f6f007394b30,Debra Hall
7a694de3-a173-4cfa-a8eb-f92991e9704a,Jennifer Manning
83416719-f407-409d-b880-815b00b1ad7a,Tracy Garcia
beecf954-5465-4163-8bdb-140b91348523,Ryan Hart
7781429c-4923-4899-84f5-bfadb05cec55,Chad Jackson
73e89c15-f837-433e-b664-ed034c5e70ed,Robin Vargas
96048f44-9218-42e5-af2a-b578f7ab0a27,Charles Johnson
b4998b83-d83b-451e-a627-86ceaa957c2a,Justin Leon
e7193d1f-031e-4e47-a922-0021a2930aa5,Shane Yates
f5c6539c-7a27-4790-a400-3e0e31f0ecd0,Scott Chaney
c0eef68d-a4e4-4abd-a6fa-f0d073dc15e3,Jeremiah Smith
90fa7f97-ccd1-47ef-a6a2-be1cd4aace05,Cynthia Alvarez
9078b58e-2ebe-4530-a3bb-0bbf92dc9e43,Katie Ruiz
720e9f31-363d-4179-b281-786a2d5cb147,John Norris
ad6dd4e1-fdc5-41b6-b531-6ee570483040,Yesenia Mcknight
8810ac9e-764a-4b41-b565-93f653b7ffa9,Andrew George
13ec8fcc-6715-4e9e-8166-4faf4b75d2a2,John Price
163d14bd-e1de-4661-bf54-9d0f2aea29b4,John Drake
1dec087d-528b-4054-9646-02ee76f191a4,Sandra Norman MD
64936dcd-829d-4100-9863-1ab1b29ad964,Nicholas Curry
b0f0f6eb-6316-42f6-9efb-e7c2090928f0,Rachel Rodriguez
a8780458-3ec4-4244-83cd-2136b2f6ccca,Joshua Gallagher
67f273dc-7197-491f-a7e6-90312594e212,Mrs. Hannah Figueroa
d15cc345-368b-4fbd-8d39-4b97c6e9fca9,Sean Jackson
4641b197-e092-4223-a0d6-2736c73e940b,Alexander Garner
e065f424-01f6-483f-918d-37ca88796a33,Curtis Moore
34ad1706-baca-42c9-932d-f5009817b9b7,Christina Howard
d2c09cfa-eb78-4dc4-96b3-7b835f5d1779,Michael Baker Jr.
b395c48a-3036-4195-8783-685c1f442f21,Deborah Page
fcb729ff-c053-4025-a613-a2fb8c0f9be7,Mrs. Megan Scott
67bc67d6-efb4-482d-8460-137bda35173e,Nathan Murray
11a879cf-00a7-4963-ac23-828fac38c84e,Louis Walker
7c550797-d7ae-4793-9b6c-a6f43d238331,Craig Owens
633baaee-6cef-43e9-a3f7-4b9f685956bd,Taylor Thomas
d38eebd5-b787-4a97-ac18-d9c3232790dd,Angela Stephens
d19d15e2-57eb-49f0-93e2-478a5e5d065c,Calvin Mccullough
a32fc1dd-7033-4e4d-8c82-4b8c7bc3d3b1,Mark Mitchell
b7553722-90ba-4e9a-9a66-4804090aa2d4,Cindy Adams
b22a1e20-72f3-43e6-93d5-495c6a8c9eea,Richard Martinez
01de6c2a-f7aa-4ded-bb30-cc3ce1f8a3ac,Chris Graves
b8d137bc-35db-45a0-8978-cc5a61d44a46,Benjamin Brooks
ef548619-bf22-4879-ad1c-4dbc08e51f52,Anne Jackson
b66c2e07-5851-49c9-aa25-164a58dad459,Mr. Clayton Kramer
37a7e3f6-691c-4a46-9cbe-59c862445f88,Rebecca Jones
4c2f2ba5-ec31-424e-9542-656e33a7b8c8,Crystal Mendez
ee9498cd-85f1-4919-94f6-0886dcb1e274,Andre King
adefc7e1-7167-4083-877d-51faa4a67ca0,Jon Heath
37bd1e5d-1fe0-4c26-ba84-fc0bcf6e93e0,Brian Cordova
e2d5a4a0-4e59-4c6a-a7af-a2c7f22864dd,Molly Smith
070b6b16-4e59-4279-9c00-84e88ebcac9b,Jeremy Shannon
180008ce-64e6-48f2-806a-e06905fbb66f,Andre Sanders
c25d9011-212b-49e2-9d83-a5af1e92370f,Matthew Bryan
f4ff65e0-b81f-4461-a754-3622dca247e5,Amanda Hodges
853ccba1-6be2-49f7-8141-6e86008ccc4a,Debra Simmons
d15d7830-7de2-4eb1-9bf3-0bfc7d9e64e7,Corey Calhoun
13db02ee-27d2-4cf3-845d-4f18bf8cadb6,Daniel Jordan
e53b14bc-9f35-4ad4-8b33-b50211688141,Sandra Ibarra
c802f9d8-be29-422f-addf-d0dd634ebd9b,Elizabeth Hahn
5acffecf-9e6c-416d-9f19-6c8c386aabc3,Michael Ball
e51c6ecb-45dc-4bfc-929f-0b57832e402c,Terry Rice
27dd7b09-c7b1-4293-8407-58155799acb6,Jennifer Richardson
0a551a22-a759-47e5-a537-b7b80aaca108,Anthony Dickson
2db77dac-d705-4b66-9636-f733453721f3,Mary Dunlap
a1cd2ab3-87d4-4a84-b97d-2eaa6dd518ff,Amber Lopez
2972d518-de3a-4279-91a2-ccc2d9a7e01a,Melissa Miller
0b263edf-64a7-45ec-b5a4-8ddf3466a397,Kenneth Nelson
eecc77d3-3d59-42c5-9a54-6666d6b53471,James Stuart
29d16ccf-5cdb-42ab-b1f7-0402c9c53b74,Lynn Ramirez
35d800de-0348-4de3-aa11-ab963d31e056,Elizabeth Ryan DVM
df38b391-1b40-48ac-b2a0-1fa0c8a93129,Jaime Hester
6d105962-c307-4016-ba6d-c32a89c62002,Jennifer Erickson
a1ad5efd-46e2-4a4d-9efd-2ac06a69b48f,Charlene Robinson
c1182fa5-1485-4f43-bc19-08ce89126aba,Angela Weber
d6271ece-4062-48d1-813b-eb20d3b938c1,Miguel Palmer
2a0d3b08-e334-46c1-9ae4-db4257c4e09d,Julia Henderson
d346d38a-c6f3-4a45-ab3f-2d69742b8c5b,Teresa Ortiz
da83fffc-9993-43c2-bc74-73bb3f80dcef,Stephanie Williams
64cbd894-cdc9-4474-b35e-3cf12a65873c,Harold Jacobson
3d7e61df-21eb-4070-8872-5606075db741,Brandy Schaefer
c16c5fa4-8991-49fd-b345-5e2414b5ebac,Beverly Parker
8c74c9d9-487a-4d51-9b24-e1233154ade4,Ernest Bowers
150f7d45-57d0-47b6-9fcd-94a645973c77,Ashley Roberts
8a939d48-deb7-4645-bb24-3429f9a34af6,Rebecca Warren
bf0b18b8-4e21-49d2-b7d8-345e35ae6b7e,Rebecca Carr
13a1a470-fbf2-4eaf-8088-c6e40f0de0f6,Tammy Watson
b7d9d6eb-6bb1-42c1-9a1d-b3eff6281a35,Shelby Gonzalez
946c97c3-7448-4d39-aaf9-c8275832c03f,Kelly Singh
c7aeb51d-a3e7-4447-87f3-6be8e4f1abba,Jay Haley
8cccdded-78df-4afb-8804-57d877229d41,Russell Mitchell
89acc908-1318-4889-abbc-b7611c81afda,Megan Wyatt
f0eb7f93-5da3-44fb-b0c0-d31bac4b1904,Brandon Shannon
ed78f033-03dd-41ce-86db-039a5af94b76,Erin Lucas
73b021ab-c6fe-44a1-b234-288b41649939,Maria Moon
84c4e721-9177-4a96-891c-628a1768bfb2,Amanda Martin
ac527421-b65d-4337-8a2e-bb094c1309ae,Rebecca Rich
ac08cc25-ffb4-44b2-9cb6-aab09fe69433,Sara Valentine
363d162f-3d15-459c-87dc-4449d99d44ca,Kathy Haney MD
8b4142ad-de58-4111-b22d-626d94ae0c94,Renee Gibson
2a14451f-5da8-423c-89af-63316f6edee9,William Oneill
a0939e01-0a51-42a2-9b8e-7917e91fac2d,Keith Phillips
72300d6b-8f35-4ea2-8f4b-7f342c18adf2,Courtney James
6a4de842-9b81-4a43-bad3-ad0a4727c367,James Jordan
01893ef9-bf44-4d62-85cd-6de997a1da0e,Amanda Johnson
2abc093e-4b47-4081-a914-c1b5f31074dc,Julie Taylor
e17243e8-8a9e-49c7-b293-50ce96009a5e,Deborah Morgan
b797cbca-fa6d-4bb1-80fe-06edfcf89825,Jennifer Sheppard
897bb61e-9368-4db9-99b9-a6b872315da3,Stephanie Love
1aa5f525-95b5-410d-87a4-8de6dcfcc357,Michael Dean
f23c6fdc-748f-45b8-ba32-445a03c712e8,Deborah Jackson
c40d4e41-8c2b-4329-be80-b115933935f0,Sheila Fisher
b3dea5e7-539e-4a7f-869f-81d450af99bb,Debra Morrison
c6f74249-1906-42da-a51a-058191c353e7,Madison Davis
8ddc4e53-c3eb-4732-807d-20c40a8ceeb5,Amber Franklin
e8091602-97a4-4288-a8d2-8a80022c63c0,Mary Kim
27b7a940-d3d3-428e-9d24-c10889866365,Stephanie Hanna
69ed1db4-f979-4e2a-85c9-e369c2185e9f,William Johnson
da4dd227-b302-4804-91ed-abe21186f84d,Christopher Brown
26b6fed4-4690-460d-ab43-9827e82aec91,Martha Pineda DDS
99743898-c181-4cee-ba9d-c7647ab475ec,Erik Mason
9d49821e-4d9c-41ec-8336-94fdafb4bae6,Erik Gordon
5f0411ee-63aa-46e6-8bfb-4eab3001254a,Kevin Marquez
a73a3216-6b3f-4463-8c2c-6b5af19f90ee,John Hughes
81f7fb34-67da-4067-8aa8-c858c51411b2,Eric Francis
55f65f25-c53b-410a-a26d-9ef94465d957,Derek Cox
1243529e-072d-4854-958b-19ae4b48a7bf,Patrick Knight
d1d58f25-ed86-4616-a86f-dfefaf6c6b50,Melissa Sanders
b3576acd-1f27-45ae-a0a3-90493a01511b,Madison Mcintosh
70c38ffd-c4c2-4869-91a9-5623d90b3287,Dale Berry
e8067019-259c-4c5f-8730-e48a1d9f7bcd,Debra Wolf
af566bf3-081e-4dfe-8889-bdcf62424e4b,Francisco Parker
d103dbdd-a0dc-40a2-ba17-6b52c1b8405c,Holly Lee
02938d9d-4ec3-4d38-aee8-82a3ae564024,Brandon Hill
7bbf3714-448a-4bfe-9c61-9634c9485d07,Sonya Moore
77b33cb9-579d-4d59-97c4-ac54361b6786,Michael Welch
1cbbb5fc-7263-4669-a0a2-bc6345c2bdd3,Jonathan Arroyo
fcd09e8c-e39d-4f6b-9c12-ce027f7636b8,Jessica Bauer
69d85d7a-b989-499e-bfff-9324637fd551,Kevin Jackson
db192825-af05-4fb1-ae4f-13f33bfd060c,Dr. Matthew Hancock
5011f948-aca5-4f1e-87ea-f38cdc2cd387,Benjamin Gilmore
9128dcb0-7973-4c53-af5a-a9e2737fa5f6,Michael Steele
6726fac2-6022-4cc6-a54b-616feef3e6fe,Brad Hogan
3b34d549-1345-4330-b9c7-7d817541d000,David Mann
c9ebed31-d943-40bc-9cac-5474f05a4ca7,Shawna Hill
d5ab22a0-c1c0-4ad9-82aa-91381bc60f62,John Long
d82c6a09-a4a9-4e01-92cb-00bddbc37d68,Amy Farmer
9bea8908-8ec3-49ea-95e7-d99cd9c2c07a,Melissa Harris
1de4c6b4-eaa4-47c4-9fc2-e5d9fc1fb3cb,Kimberly Wilson MD
267980a9-e326-416b-b325-be31d76ccf27,Tamara Berry
c3351a32-e1cc-480b-aa75-21c6f84cfbea,Jacqueline Morris
4cebe360-8485-47e0-926a-d63440dd2c76,Samuel Thomas
ddd65019-cbe7-4773-9e2d-98a12388056a,Brian Church
56b444d3-2f58-4ec9-a804-a64c6739d2e3,Brian Velasquez
e5297702-e535-4e63-b6d4-aec0fb0d96fb,Katherine Griffin
e32d792d-41aa-4825-9ef8-a1540619b596,Kevin Martinez
6e004039-04d1-4cee-abd2-c6b0ef527ab3,Erin Rodriguez
609cd7b1-57d0-4f87-9e5e-b871baef75b4,Misty Reed
86d9b100-3312-4b10-bf90-eeab70139c19,Kristen Mack
335c2cc9-5f55-465c-8be6-88b1af96560a,Patricia Dickerson
1d916ad0-6682-4ebf-a2df-fa664e62f52c,Kristina Smith
18a942e2-53cb-4a11-be07-82a13b0def85,Ashley Mcdaniel
4342122c-2aa2-4c8d-acab-acbc8559cd10,Danny Walker
e0a9e2b0-073f-4fc6-be6e-79c0b1a3e571,Barbara Jefferson
7c70355f-22b4-4d4a-bbaf-b6a1861b2a73,Tiffany Turner
31a56aaa-ed31-46af-9e2d-a210d43a8026,Pamela Lane
a6f1b849-de37-44fa-a31b-3859d34a7353,Christy Rios
ce4aed46-0f4e-4dd5-b269-2de1d114262e,Kristi Keller
dea63613-79d1-4e74-98de-37a5d92c0d81,Ryan Carpenter
25c1b63d-9ea0-4922-b80c-0ed5f6f2b7d1,Andrew Aguirre
54c1ac36-2a11-4f04-b4a8-e2e45ac46e78,Kyle Mckinney
f787b1be-e45e-4486-9b27-b315df32fcd3,Steve Blanchard MD
80fa62f8-3b34-46b6-81d4-fe6aaf555d8a,Joshua Wells
f5f5f928-0d51-4fdc-8032-f2e0b1f3bc96,Brenda Miller
b25fc15f-3e5c-43e7-a22e-32684902bca9,Karina Thompson
6cb62c93-ecb6-4b99-969f-d89bc4d023fe,Donna Garcia
b4756019-bc8d-4991-9c79-23f435b67150,Christian Fernandez
0c501f6b-7617-49b7-a0d5-5d91625bfc4e,Douglas Shelton
d1b38e30-9143-44c3-ac58-23d2676ebc04,Jessica Taylor
1713c36c-239f-4288-83e1-9c1d3da74cfe,Deanna Torres
3cecaec9-02ac-4600-8ec7-ab8853815aba,Aaron Williams
e683c1d2-42bb-49c1-be9a-1c5e3ad55bb9,Michael Walker
90c6e5f4-a05f-4520-b0fd-2b05f35d269c,Ryan Byrd
8b2c3464-31c3-4852-85a7-0ab801e92bad,Rodney Gardner
55942b35-605d-45ba-bca2-f5b208225c67,Angela Smith
d6cd2ca3-62a5-47eb-862f-c98fc946ffce,Johnny Ryan
75095999-c087-416f-8ca3-3baf51d6a702,Mrs. Melissa Bernard
92206f11-89d9-4f76-87fd-d28103dc86f4,Carrie Russell MD
bbe2fb86-5067-4e80-8a0b-849d4464d831,Dorothy Schultz
5b0c0d8a-9c64-4ae0-8292-a336cfe1293b,Julia Sanders
4b196940-e8d6-4f32-bf95-eb16b0eb984c,Sarah Ross
667d8ea4-a187-4fd5-99b2-e379233b6808,Andrew Serrano
6ebdfdd0-c554-4ffe-abb3-808e81196751,Gerald Odom
d5e7758e-e25e-41f7-911c-6e09c8520a3f,Dylan Lopez
84b21a11-84b4-4600-9144-e17ef1dc971a,Stephanie Carter
cd889e02-2c14-4e06-b0e1-cd2e2842f5a1,Michael Lucero
79ae374a-b03b-4a09-828d-29fc39d88ff1,Alex Taylor
dd037b88-8eed-46c3-ada5-e17c03f91d06,Andrea Randall
27a90ab6-e0d3-4b92-9c84-d41046fa4ede,Teresa Lambert
9b869a62-1f5e-4739-a7e6-e02bc94896fd,Mary Vargas
f2b5a34f-7db6-454c-b771-aee97e12d676,Kelly Holmes
117bb0eb-a1f0-4f62-93ee-9d1c9256a197,Derek Smith
a5d8d927-4c09-4fa4-be66-eec18ec49e50,Brenda Hall
523b72e1-11ee-4c92-bc09-95e5ed9df9a0,Nicole Martin
296b1c9b-2e30-44ac-899a-a519a3696324,Michael Cobb
a267bb34-2513-4745-b74b-c9903dfa5179,Alicia Webster
953a5081-7f11-4ba4-9fbf-b99afc42c17e,Leslie Conner
7e094f95-b5e1-48d4-9412-36c15ec7866c,Mary Gillespie
3e702421-ac53-4c82-9b97-822d00f6aa8f,Lisa Lewis
3acd5db9-74bb-4d28-b7c2-4768c51e2984,Larry Gilmore
4badf699-f19b-44f3-b3b3-e3b8be165edd,Richard Martinez DVM
7befcda9-18f0-473d-97e9-92e756282778,Brittany Johnson
b749cb16-2bd4-43a6-8333-4255a67ac350,Karina Zimmerman
8f39126b-fbd9-4431-9e2f-80b02f63b3ec,Mary Smith
1bf97982-3bdc-487a-9f32-81f3789b18f5,April Curtis
9df45a19-f440-41a4-bd5e-a62a6d07e986,Michael Acosta
409de51d-54c6-43b5-86a7-5dc41c13e87a,Sara Henderson
cf735c79-1e06-4ac7-ac49-22158a1eb25d,Stephen Miller
dcd84e7a-484e-4815-8eb6-00465a67983c,Christina Ramirez
7fbef00b-352f-4d44-ad2a-e248d14bdbc7,Jennifer Singh
7af99cee-b906-4a15-bdd2-badb2d9def94,Nicole Bailey
893934cb-d3ca-4e57-ad98-8bc952a70380,Michael Bryant
074cf2b4-0635-4a42-9b31-14d08eaf2cf9,Ashley Bradley
ddfbf051-cf6a-450f-b8e0-7bd1d9edeaa8,Matthew Grant
f8956f45-d8e0-45bf-9942-fc4cebd416a8,Christopher Graham
b73d8905-d538-44cd-b7c9-34a844a48b88,Elizabeth Shea
68c68f93-a74d-48e9-ace6-309ae644401c,Jenny Harrell
ab82e1a4-8aa2-4ef5-a2d1-9ea6a75fc619,Emily Anderson
332a408e-4503-4e19-b418-e1c2337752a0,Jonathan Rowe
4751c941-31d6-4b35-9818-e21a87717ed9,Brittany Barrera
9186b3b2-5de4-408e-a857-4277a5f6c42f,Kenneth Wilcox
550f2f64-edcd-493d-bec8-11fff29090a6,Anita Pierce
451f9f27-9529-44af-93a7-608836bab263,Lisa Ramirez
f42b79b7-1e8c-48e8-8c26-f4c0ec678f3f,Chase Garcia
56f16205-ce42-4124-810a-b5c5cf07ab39,Margaret Bass
baa1488c-312c-4e31-826f-1fafea43c593,Theodore Anderson
a70c609a-cb34-4e4b-b905-7ecd66a4e771,Dale Ellis
abee65c2-312e-4f16-875b-f56305e8535d,Wendy Bowman
177d02f4-6c63-447f-92fb-67f9b36b13d5,Charles Oneill
f517d8e6-b3be-4137-9b68-5ebc86d9f41d,Rebecca Smith
2e18ab98-408f-4c13-83f5-5f9945df16c2,Barbara Pearson
c553027b-61d4-49fe-9c63-56c1bd949a65,Nancy Mercado
b860e85e-2f70-4f99-94b0-7b3c35386014,Jessica Wade
afb2f38e-5690-4f23-b848-a2aa73cc5160,John Bennett
b9a5f908-3793-42f0-9cf0-23935a3955ef,Joshua Proctor
a93abcea-9619-4cf9-a817-4b81df605e94,Christopher Benitez
14594328-033e-4464-bc83-e7fe60f755a2,Kimberly Wood
37ad47a8-c2b5-4807-b6aa-4df52a655850,Cheyenne Briggs
1eef4433-4434-40e5-ba60-c9a7c9a8d89e,David Foster
7d5616a8-7701-4352-939e-8a8319627b39,Christina Johnson
2798c84d-bd7c-4152-a537-807564f22602,Donald Peck
40fa7714-9156-4954-a248-337de15e9cc2,Sheila Lewis
d96802e3-3467-4e3f-a6d5-cd10265a130b,Bridget Vasquez
63e11f88-1d0d-4aa9-818e-1407c4dcc8f4,Melanie Riggs
2f70126b-0764-4e7a-b741-dbd8f94dd7db,Steven Escobar
192d26af-30bf-4232-bbcb-a42334fe013f,Leah Caldwell
32681c2b-bcfc-4a13-89b3-a805d125fd8c,Christina Hernandez
7b0b0526-943e-45de-a2cb-97489e073892,Michael Schultz
9d77d7fd-219b-4b06-b800-90532c6d6f7d,Carrie Johnson
a9fa9c35-aa43-48dc-997c-3ec4461388eb,Daniel Greer
0bedfd43-5632-4824-b192-0f77950e37aa,Mr. Christopher Price
32da1733-2333-4452-9ea5-c567a0fe0573,Emily Butler
318de529-5431-421c-a7da-7cc07c235992,Jean Adams
5c593705-e342-4f61-a6cb-f002698832ac,Timothy Long
37fa747a-1af8-41b0-b819-e2683c7df101,Angela Compton
08eb68fe-0b79-4acc-ab92-cbcc183963c5,Duane Wells
ca797718-0761-4d31-ade5-4f9e5c75afec,Richard Jones
abcd9082-7d84-4397-a412-2978a15c18d7,Roberto Hull
6269672a-308b-487c-93e3-a77b97bee654,Dr. Alex Butler MD
8193bfc6-46bc-456e-bf38-eb459679d713,Robert Wong
83b6d7c6-1b5e-40cc-81db-857a52420135,Bonnie Jones
45af8a40-9bb2-4c9a-a8ac-702d88a88946,Alexis Graham
2876c237-4e40-42c0-822e-5f4b62b1809f,Cheryl Robinson
cf506097-f3f0-4a09-93ce-12d9e9a579d2,Christopher Owens
b3c73391-e377-4e27-80f6-cb1c4c2dac82,Chase Rogers
a6090b6b-2aa6-4d3e-8d7f-e1a0d75158bd,Kimberly Butler
eb44b9f1-30fb-404d-8275-381e78bb98d0,Kimberly Jones
d9e026d7-ebef-4829-a5e9-afacf6c57ea1,Gerald Castillo
90f2016e-6516-4731-9d2d-24cf5688e2a3,Emma Harris
5c23dcfa-087f-41b4-b529-bbefbc2baff0,Jean Young
4036692c-06bf-46ec-afef-f6b44def165f,Timothy Ferguson
01da41d4-8767-43b1-bd86-9dec0f73cca3,Matthew Sullivan
c40021c8-d937-4578-91f2-68e4b7adfaac,Christopher Cannon
3fa924c0-207b-44a1-b190-43628e1bee7a,Erin Chavez
4858a22a-ff6c-457d-abc5-ea9e190389b0,John Nguyen
61c8c7c5-37d6-4711-9384-55ee3a57823b,Gina Kim
8ebc0d2d-e23d-44f0-8321-4cd5eb553a6c,Kimberly Gonzalez
3584d0be-dcdf-4332-944a-69bdc827d6f4,Tiffany Armstrong
9227bd81-0d02-4a0b-8b19-c638e5d782b0,Marissa Greer
8f4a53db-07bd-430c-9339-16b85df71438,Joel Young
ecff5d37-7c7d-46ad-b83a-d03b4492afdc,Teresa Humphrey
1ebe10b2-69d6-4a38-b57a-fdd85d446f16,Zachary Turner
ed1d130f-e301-446b-b2c5-d35e3567405a,Nicole Smith
8423d85c-f869-4629-9590-573f17258b85,Cole Kelly
9870ae72-4d83-4b52-9a1d-c8717827418e,Matthew Harper
1989fc64-f21c-4b5f-b0f9-236ed18d8b7f,Carl Marquez
7bb36c42-e04b-4bd6-bc18-f43ae322323d,Mark Guzman
ba949687-a740-4bc3-b8c7-613b5307b5b5,Rachel Martinez
dbb847d4-6fee-4083-9021-24a17303efc1,Thomas Fernandez
d4555f8d-5a7a-4371-bf46-09eff72781c1,Todd Cook
3a2e58b1-17d5-4cbb-a9a4-a9c415f97dd6,David Smith
c298d168-2ebb-45e7-a98c-9ca3ece19ad6,Clayton Brown
2dbaea87-186a-4ac3-8659-e3b03e131b53,Jennifer Robles
20a2bd09-aac9-4422-8c54-af90f932d311,John Miller
a97d74f2-1a3b-4f59-9429-e68edbf45736,Sarah King
2a4b625c-a34e-4dcb-9224-85b04c56b694,Robert Mitchell
8e40c9c8-77ce-43ad-acad-f5de6350258f,Allison Young
13c81d64-f9ce-41c7-adad-14db567de105,Mary Mills
cc03ad70-f91a-4d3f-b951-1e69e6883cda,Elizabeth Arnold
c7e051ad-3be1-4b48-936d-c06bad8ecad9,Jeffrey Foster
54b2efe7-baa1-434e-824a-03d40e060af3,Louis Davis
33234c77-0cfd-4d4b-9c97-2504e37a344e,Casey Howard
4a47b33c-96f9-49b4-a25d-13c35eec7773,Allen Harrison
12d8a5ef-c425-430e-9822-1985cff3334b,Joseph Mejia
a5fe595a-c207-4c3a-85b9-6c42636e638a,Emily Briggs
ecefdcc9-9c9c-4caf-b9ca-412d980e64d6,Duane Myers
20346954-ab62-4ecd-8a68-1806f37806fd,Manuel Hess
38f0c4bf-e4df-4b8f-b864-4eb92e40ddc8,Darin Burton
d046fd0f-517a-473c-859b-bf77a8f1ca16,Patricia Webb
5eaf0c98-7e3f-4525-bfd5-74c1b9631fd2,Leslie Mckinney
aa6cc74a-76ed-47d0-bf14-f1330330f994,Michael Lyons
b7bac7b8-aa0d-40a4-8873-01b166761cbd,Gregory Dennis
35549d5c-e6e2-4812-bf4d-ada277af8424,Daisy Rocha
12460673-2a90-4dfb-8369-71939269404e,Kristina Garcia
3b90f40b-0ac4-4119-bdca-24720e73c7e2,Keith Perez
f546dc6f-469c-47bd-a0be-87ea06d5c222,Samuel Vincent
e9b585cd-0d4e-4b2b-b8f0-82c5e1758380,Michael Porter
2df083a6-e629-499c-9bf8-fcac6fac4457,Philip Sanchez
3c37a7c9-931b-4603-8202-766b169fd03c,Robert Dillon
8329169b-dc99-4f29-a0c1-98418fbf7760,Gregory Wyatt
29cd1c66-2536-4b34-b05b-672a87e09b2f,David Alvarez
6a95dd71-6c23-4c42-9037-b5e92ac372be,Carol Christensen
401aabf1-2169-4c01-b44e-d9b4ea81018b,Gregory Rush
b8b6311f-c901-4a35-8306-ecd3e25059f8,Gregory Glenn
bdd22a42-26bf-495c-9e3a-671779e8d149,Dennis Johnson
30cb2293-7760-4b10-a8c4-c6af50470243,Madison Mann DVM
a313ce9c-c31a-4180-b45a-f8d3f303aaec,Kathleen Williams
e7765560-0415-4324-af70-5984a171cb14,Abigail Wolf
0df94c0d-992c-4eef-8067-ddb5cfb7be4d,Latasha Spencer
7d8dc132-f2f5-49c9-bbb6-816f1805f598,Keith Burgess
a5f60a2a-1433-4d2f-b974-3b779ee7db07,Carrie Franklin
b7dcecf0-a98b-4fa4-b7de-c3bda5b1f50a,William Lopez
c12d94bb-10d3-4bca-a96b-c6ba2f50d9d6,Colin Campos
a76186b7-c0db-4911-abb3-667d53b83266,Jonathan Johnson
18beec4e-64a4-4fd7-b79e-4f08c824696b,Tammy Patel
59956b2f-b64e-4484-88a1-477d65f46c7c,Glenn Galvan
d3e94747-4135-4586-87eb-49f236efd65b,Daniel Davis
55483778-09e1-42b8-bc65-cc710c95173e,Daniel Marsh
5cb62a00-08b1-431e-94be-e0a6929f95a3,Richard Richmond
5b291dc3-1f96-4596-9ed3-66e9a1b584c0,Kelly Pearson
cb2008ea-0a50-4ba0-83d5-8d46792d9683,Rebecca Bradley
d4bd9fb8-d98b-46ba-969f-2455a99d5b6a,Theresa Pennington
a0c65efa-6671-4ef7-81d3-a6d9a3ff7a5b,Dylan Dickerson
7cd12df3-5956-4c17-982f-61ea04c895f8,Kathryn King
81b1f94b-60f0-4aa5-a42f-b32f645f91cc,Elizabeth Davis
89f60ac8-6118-4358-afeb-416d6b455e95,Sabrina Brown
4f60a58a-b8b2-42a4-bc99-cbdc4584f376,Rhonda Ward
7ea15081-17d8-46e9-bf46-77f87b12629c,Teresa Murray
a72d40a7-bc64-4c54-a480-d54177e69cdf,Garrett Martinez
2787fac3-4014-4dba-9f3f-f4e1c114f8e3,Shawna Knox
8f3794be-1d62-4e00-8040-e242a9eae522,Malik Cain
d30fcf20-56f2-4639-9cb4-6c5e3d551f59,William Reyes
02743f4f-918a-4ba7-896a-b54c6de0ffd4,Jonathan Moody
4566e2ac-f553-48a8-b367-00813ebd5881,Henry Strickland
69612c54-dca5-4bb3-bcb4-cc704819dd91,Frank Montgomery
8a987d86-2cdd-4a99-bd6b-78c089a7acf8,Christine Waller
097dadaa-ae76-4256-95ac-9dafac8829f4,Sara Martin
87dc08fc-d52d-45f8-838e-5c5b15c3f681,Anthony Dunn
d8f36000-a4c1-410f-b39b-1390e842a2b7,Vanessa Jones
6a58b64b-ad29-4b17-b491-c480e73921d8,Caitlin Vasquez
b85b63ae-1c85-4453-915d-b24261033534,Derek Lang
8c34f568-857e-407e-808e-42631acaf961,Barry Mann
bd595049-0c99-4df6-99a7-652354315c90,Margaret Lopez
24eba500-1d48-41b8-979d-d30fe4bee9a9,Andrew Rosales
ab6fb13e-11e3-495f-ac73-c89b30c16b91,Madeline Smith
7988fa8f-d3ca-4a76-8490-fec50d11ed0f,John Farley
3e51b35b-081e-4b38-bba9-ea3983a22caf,Jeffrey Cannon
f66af5eb-b0de-4d01-8e6f-38480fd1158f,Henry Harris
5030820b-816a-46b0-8ec6-46fcea5bd1ba,Julie Dillon
eaa32425-1f85-41b4-9419-3bb11a782693,Joseph Brown
9b5fb27a-7c99-462c-aeab-5a3a8282cfe0,Michael Rodriguez
db45865b-5c35-46da-83b1-9af38b9871e9,Stephen Acosta Jr.
eeb4285b-5c54-4cf5-8255-85443c026c42,Benjamin Salinas
aaee69fd-108d-4225-bb8d-e89354e5c410,Tammy Green
892a4c8c-f549-4814-ba2a-bc6e6c4fdc01,James Mitchell
dbac20a3-5a56-49d2-b05f-13b16239db9d,Jessica Brown
8e19355a-c367-4e0c-99fe-3e5dc87e6d3f,Angela Robinson
bcf2f229-9ac2-4305-bf9d-77be3941dfcb,Kathleen Lucas
bf449126-eb7e-49aa-9a17-f3cd1a7760ec,Paul Green
029bce2d-5b30-413e-92b8-5145aa2162d2,Gregory Good
58f0234e-be58-4e37-a65b-dbf224f24726,Matthew Morgan
59da9cd3-a51b-4dfd-81fe-2005119f1951,Stanley James
331b9a9f-96c7-4c77-9064-4e1871aa9f0c,Mr. Leonard Mccullough MD
2370df45-b8f2-46a9-baef-7ade6405f35b,Mary Nicholson
bf1978b6-9352-4000-a3e5-ca1e99e3c500,Melanie Davis
f06ee197-f988-49a3-97e0-cb4379f5b6d9,Gina Smith
15f6da09-1710-4414-a25a-24b09c320081,Joseph Sanchez
fdc5fc0d-41a6-4590-8942-9c4a9404436f,Cody Vasquez
80e78476-ca69-4483-8dba-7546c56991bd,William Garrett
436be869-e488-4df8-820f-c12b5015acf1,Thomas Burnett
01013c56-6df8-4511-b059-5a89e7546837,Ashley Sullivan
bd6e3f19-17d2-4dfc-9ef5-7355d3773114,Amy Mitchell
235eed5a-955c-4a89-990e-86a3ea34f90f,Kelli Williams
e5fa1403-4b97-4f60-8cf4-3c45b3255583,Robert Patel
36fa14c2-6e44-4c12-a5a4-690947f99cb4,Patrick White
054212e7-40f9-4e40-bc22-9348c30d4dde,Stephen Sloan
3fa1d619-3759-41e6-a08e-f1fefe50d6d2,Robert Kim
6ae34ccc-7ce5-4615-b9bf-3d5fac7c1752,Sergio Johnson
44a7147b-98b3-4fe9-bb07-fc1beb009ef9,Michael Davis
bc878f79-9bba-43e4-96a2-2d07f11243a7,Traci Hicks
16435b06-9ef6-4329-861d-bd1ca91cc84f,Jason Ashley
88dbb8f6-b12c-4d91-94f7-75685122b28c,Kevin Gomez
01961d0d-2ef5-454b-9b07-f0dd5261ac6e,Valerie Russo
2b96247f-19d0-4d7a-982b-a1e87f57b818,Joshua Martinez
da503064-f7a9-4d66-9ef9-a2c197f0320d,Andrea Rice
3fca2018-f20f-4a49-9b68-c63bd0c54da4,Daniel Little
f8141d14-9e1f-4bc1-b74d-df577decc14b,Cory Hansen
cfacf88d-1342-4ff5-a45e-9091db95bd25,Lisa Jones
68fe0de1-0415-49ac-a660-e95a89278099,Scott Ray
f01cfd32-fd9a-4443-99af-3f3c34574ad2,Katherine Berger
c58d844e-471f-4dac-8241-c5d806a68df8,Andrew Hicks
cb82e8a4-01e7-40a6-8808-3d94e898a4d1,Miss Carol Garcia DDS
27739ce3-bca9-45be-8ba4-0418ed45bb04,Elizabeth Lewis
0a2eae71-42f6-4849-a341-789b4054eaa0,Roy Torres
98610e2f-ffae-4a44-871a-416817b4d2f3,Roy Phelps
154d5ea3-0052-464e-bae2-297d23479425,Justin Hunter
7c4f0eed-4b22-460c-946c-3aead04b57b1,Daniel Smith
9e2ef685-9d49-4238-9f1e-157d2524c260,Cheryl Jenkins
747ac0ab-45ef-498b-835f-614137a34648,Christine Morrison
7e8952b7-687d-45f1-b37b-f37ff6b1ca2d,Justin West
93037bab-dbbf-4a96-a265-29e72fdde0d3,Scott Young
caf56a97-b597-4149-a9a5-05df32463d4d,John Barton
459816b8-69eb-45ab-98e6-9d1741fee50d,Stephen Robbins
0f5ab5a9-9023-4f49-85c9-24a25d130bd0,Billy Hughes
d0685f36-7de8-4ced-abbb-f7224df13428,Michael Martin
5556bd75-da38-448e-baef-5d19899df068,Janice Bond
ec3a966c-f02c-48b1-b6f8-2b17c8bf5b70,Christine Mendoza
b8305550-8c8a-418a-9d69-4abe58c0f39e,Adam Carroll
852eb8ed-ad61-4019-9cf3-196c4aae9889,Cassandra Torres
e1d7953f-92bb-4e99-850a-f2e0cca9f056,Noah Jones
c7c41e06-ab9e-424a-b7fc-8f4deb507263,Leah Miller
97a61c22-fa73-40fa-be5d-397823d3a0e3,James Lopez
9bb0186c-80e7-45aa-8ab7-d42436a3401c,Jacob Richards
80a04fd1-2dae-40b9-9658-9c5045afda0b,Alicia Norris
85a613e1-41fd-4956-8709-8ed0495bbec9,Linda Snow
e475353c-a1fd-428f-b1ca-b75c8a260ad4,Laura Sparks
7c2681d0-fbf1-4f33-b569-f0d2ac3b681d,Benjamin Rice
a045dbd5-f3a6-46b5-886c-504422c705a3,Jacqueline Palmer
c967097d-7ca7-4b06-8a42-57715e11397d,Chelsea Schultz
ae3adf03-a181-42b4-b165-0645952db79b,Emily Perry
2ff43cad-c901-4554-99b6-9d3f08be67a8,Jeffrey Torres
ace34335-2bcd-4785-988e-45904c89eda3,Ian Tapia
1403a378-edef-4e3b-be98-e88049dd3bdf,Teresa Perez
388baefd-2f87-4611-ba4f-be7a65896781,Randall Reed
6fca220b-c1db-41fc-8799-023f25499650,Shawna Williamson
18c3d682-5683-4985-8713-35cfa560c8c8,Shari Mills
39625836-8209-4e8d-ba2a-37d45c5ca228,Natalie Hunter
749e7def-d986-4d9c-8d31-ab2e7ee7b5b9,Jill Johnson
d167081d-416f-4279-9015-50bfc5f5d383,James Graham
97632786-5e3f-4c97-b77c-65657d9b4efc,Jerry Wilkins
c98a7b01-d57c-4ba0-8fa1-725bdc21acb6,Samantha Holmes
2fa77c53-dad7-482c-8aaa-9f5ff4e2377b,Anthony Green
07ae693c-c916-46f1-b20e-6fe8cce8956f,Gabriella Choi
822ff6c2-3e0d-49ec-9963-48a53825d0a8,Adam Reynolds
721cf5f1-f294-414d-857d-dadfa0c7044f,Cheryl Patel
9738d0e6-9e1d-481d-8202-217153b5c86d,Jonathan Lee
856a6de8-189b-463d-b6b0-f68919e0ae8a,Donna Crawford
84cec853-91ad-45a5-9d25-03bf1b5be635,Holly Harvey
c1e6d35e-8a2c-4d55-b45f-a10103efc385,Jeffrey Ball
043bc273-962f-4882-8c40-d6555c3cb5d0,Ashley Anderson
dc05e522-2c7e-49fc-bfff-d3248cbd9085,Daniel Wells
41484e2e-ba04-402e-bde7-c60447e5b574,Mrs. Ana Garrett
3f9c8b90-d7c9-46b1-96ca-bf9fd143755e,Jeffrey Brandt
b3913987-2e11-49e2-8907-5abdb9a3a4c8,Valerie Howell
bebda206-cbf6-4a1d-bc23-fcd58ec4a678,Jennifer Medina MD
821df0ed-15a7-42cf-ac77-4a44d8cd82f1,Glen King
830a01b6-a020-49ca-beaf-a9efa248b5cd,Steven Williams
bc3907a6-8ddf-48bc-b534-a97580d33192,Melinda Torres
4ab90294-1416-4b97-b961-eebcd25bf81a,Cheryl Atkinson
46a79da5-334a-4aa6-85f9-11f939da9724,Patricia Johnson
d093cd8a-0914-406b-b0ea-2431c039106f,Amber Clark
37bbd7d2-416b-40f6-8235-a1a640a7895e,Nicholas Gray
eda58ef1-e07a-46a4-b2c6-9f2ee813014c,Anthony Rice
e61e27d9-cabe-449f-be36-6d21d99cbc56,Joseph Wilson
ef54da69-230d-45eb-80ed-52a2ffb9907e,Joseph White
39eef99a-3c6a-432e-ae7a-fd80dda34aad,Steven Hall
192ff8a8-69a6-4872-92d3-d0caf83fe4e7,Seth Atkinson
f418ac17-351c-43b5-bc70-dac34b0b7718,Jessica Bowman
45ce32dc-3f15-4b16-9902-206207e12ec5,Alison White
7aa422bf-a9fc-41e8-a944-a9fe2a2a8579,Virginia James
60f2a113-fa37-4ec4-b1dd-e16c6a13e088,George Cline
7ad3d662-dac8-4272-aaa0-94d24092c830,Victoria Villarreal
04454175-f0ae-4091-9390-a85cc08ecf95,Brian Clark
a6cb4975-ca7e-4bd3-a714-ed03650146b3,Gina Green
dc8cde43-fba7-4766-a5d4-aa0e11e60da6,Trevor Gaines
484e9d14-8e40-4b0d-9d8f-17a508ac4877,Mr. Robert Wilson MD
78bbbce7-8fcb-4206-b61c-d2fd72022d2f,Thomas West MD
64846d8e-9f1e-46a6-9aa3-74931f672a7d,Bradley Shannon
3dfd0740-ca31-4a86-b50f-1a5357eb0210,Andrea Callahan
48a09350-7f3c-418f-85aa-598261b8a209,Linda Williams
e79750a2-66e1-4dce-b8cb-ee4ccf3a9803,Kevin Tucker
d0898a1c-04be-40a6-b248-97a2ca0ce033,Keith Cook
83c7526a-d3be-4e70-b1ea-8f6dd4bd1710,Brian Bradford
6885415a-7d39-48f1-8827-dee13dda5bbf,Kyle Evans
0a9b3d2b-4858-46dc-b2f4-a08a0371ccc4,Stephanie Williams
dd4ed87a-656a-4538-938a-0b07c19feb72,Nicole Jackson
851e3841-a045-4483-a4a5-01519f2680c4,Sarah Hunt PhD
b39f4d6b-04b7-4d34-9f5c-ab77480bbc0c,Dr. Melissa Russell
3422fe46-fcc6-4123-a035-06c9c79be550,Lisa Mason
da9659ce-1d1f-46ca-af57-fada1e98c05a,Glenn Lee
a8f4ab75-e7b5-4f4c-b43c-78b3920846cc,Katelyn Alexander
c5ca13b0-f0b9-4ac2-b3bb-b5722fe6ff82,John Pacheco
c0431977-0210-4071-aef6-70377a667af4,Zachary Holland MD
05ca7101-9102-4a9a-86e0-be9d11b9bc7a,Alyssa Alvarado
a0a2f9d0-5dac-47fc-bfb3-715505434063,Juan Walsh
2847d526-bf0e-4aaa-bfcc-515d46e9f7bc,Joseph Fletcher
cb76eb8c-fb89-4999-86ea-dcdef849789b,Mrs. Shelly White MD
e0ef47c3-55b2-4aa1-90a1-cac89ef48994,Emma Mitchell
50d1b38f-3cb0-4b05-b6e4-00020fcebdbe,Tyler Spencer
1b96dcd4-d654-460e-8901-059bb418d6d9,Diane Davis
7463ae05-ceb0-46f5-8bcb-5b2a3dc7aa83,Andrea Page
dd0294cd-2d7e-4d6a-827c-945ea24c6fc2,Nichole Garcia
69d2414b-7453-46e4-8cb6-c13d232f2aee,Sharon Evans
e4e616a6-c834-452f-b408-8a122dfdc571,Daniel Coleman
ae425bc6-ccd7-4652-82ed-ad9934be6f4c,Mark Olson
c6f30fae-c06e-4289-8800-38621506015c,Lynn Smith
70a34731-77e4-4e0b-aa74-137e42dd3689,Jason Garrison
c4c1cdea-46ad-4b61-ac3a-dd08148f98d7,Debbie Lopez
4b6402a4-5cef-4f17-b1c5-6df5c56fb8cd,Angela Hebert
962c99a0-584f-453f-9ddf-4b3fa1202b14,Scott Jones
1b78d327-3a8a-4bc5-a24a-2545ba70e4bb,Pamela Smith
119f2e03-2f24-4618-b503-82cd4b7c77f7,Marc West
54464c72-a4e6-42a2-a8e7-d80675f1b291,John Brewer
ba656a24-ef42-4e13-aa91-19cda026cc4c,Ryan Huynh
d6e36425-425b-4403-8b5d-0ac8fb7052e8,Wesley Jenkins
f03e5e9d-5925-4c44-8e70-760705ad2aa9,Allison Clark
cade1a6b-dfc4-4124-988a-93bed0071137,Jessica Hernandez
2903ab2d-9ea7-47cb-9b08-eb7cd9e27e05,Elizabeth Montgomery
c102bed7-bc68-4971-b36e-2af184685a4a,Amy Wolf
7c537e58-264d-4893-bbab-53546310160e,Matthew King
bf446c84-e1f7-4144-9962-ccfffc221ec3,Holly Johnson
2c0b154a-e983-42b8-8195-09754e59c13e,Susan Bennett
5cdcadde-a96a-4951-88e4-395b31bcffb6,Michael Conner
33209e6d-9241-4aeb-a6c1-db5cb9f129e5,Mike Mills
115ae059-4a11-4644-8392-c6b959232c3a,Carlos Campbell
ea1a035f-e570-435a-acf9-e5ee2196c461,Brandon Lindsey
80b6ac83-bebb-4975-8451-9da324d7cf48,James Thomas
352d2958-350d-4c88-9018-76340a782b48,Dana Wolfe
408e217c-71a8-41d1-84ae-816ac1848a4a,Brittany Peterson
4bb5558b-b123-43e9-8c56-92eb16c3791c,Michelle Velez
16611301-4d3c-4178-acf4-a0534994f0bc,Laura Mccarthy
51f2c8e5-47e0-448a-b49e-bc87a20c4daa,Katherine Zuniga
b146087f-53c1-4200-a160-ef7615e8bc33,Joshua Simmons
9c901a5c-f8ff-415f-8b5a-d1f0696bee9a,Theodore Boyer
0b5d9aa7-31c5-4222-b2ba-83eb94061d80,Claudia Jones
6d9eee15-af1e-46b5-ac9d-f9d331e274cb,John Lowe
902a6d9f-341b-4210-8a9a-bf81fd978622,Hannah Benton
11ddcb3e-a3a1-4deb-9099-8feca9c20081,Angela Vasquez
94eb79f5-04d4-4431-a6e5-ead7817d76d5,Sarah Ibarra
abdeac97-b037-4602-b969-f75400b3e7ed,Peggy Martinez
9f81627c-3c1e-45dd-bd54-bb11528362b4,Gina Porter
d2e83478-0ffa-4a3b-8129-0cfcd6732550,Carl Dorsey
791a3b71-6da7-447e-9248-2afeb75a5172,Victoria Edwards
455a6c75-877c-4840-8602-aa1e91e40d24,John Perez
1de45a61-f6bd-4896-b809-684757990c77,Melissa Brown
f44e08c3-a8d1-4cae-93b6-207f9218c2ed,Justin Farmer
9225ddef-0f09-4836-a069-8c04aff68423,Mark Chan
f8d7214c-47d8-436c-ad1b-f4262e7574db,Shane Barber
e9e78586-0b4b-4e30-b099-5fda968a0237,Martin Greer
468cfe31-3968-4f5b-bda4-946d9a61f744,Benjamin Bell
e0f74182-acca-40c0-b291-f12858d7f3ee,Sharon Marshall
2da66ba7-581f-474f-9f10-515d6a3b2a1d,Misty Townsend
10743989-aa45-42f9-84b3-86496dc3a1d0,James Robertson
46fc4acc-3270-4e1d-9d2f-b93a07671248,Melissa Smith
968370fc-7504-45b3-822b-4f8bcf411508,Mr. Nathan Petersen
7f8568e1-012d-4073-aaf6-49dfd561cdc6,Victor Reese
6a075ac3-fed3-4506-8de3-823e75a68553,Vincent Rogers
d1be3a1a-8f22-4872-86b9-87beb5ea5123,Stephanie Sherman
7e061979-ec78-466c-b522-fa8b6687f2be,Jason Parker
7997c624-44de-460a-bfbc-10d3eab965eb,Michael Miller
f9b64b54-2ed3-44e5-a8e7-dc3b0eae5bd4,Jonathan Davis
6a63eca3-f730-4577-b2d7-017f0edc3202,Lee Miller
271068d3-604d-44f2-b7b1-7e71323b622d,Tyler Ramirez
895f0970-4054-4651-93fc-fc568ea1aaec,Duane Martin
e8bc9679-5017-48d9-9c1b-f2d438d4039b,Susan Lopez
0ebd1aaa-450c-4570-b0b9-7615c97d2df8,Wendy Sanchez
f1e8bd43-1c8e-4a2d-b797-89ce9bf43637,Adam Rowe
a3a7f0db-3434-442b-9e83-692ff1dc4756,Michael Hall
ee63c9ab-9b91-46b7-8963-db2f77474f6c,Kaitlyn Taylor
8c0bbc28-d25d-4a1d-8b7f-faed639e1b81,Shane Cole
98e077a8-057c-461f-a3ad-7cb01796bdcd,Tiffany Zimmerman
dd5c0be5-cb81-4366-a1fc-d9f4d1bf5718,Christine Gonzales
8ebb7946-42eb-4dd5-a987-97c7037eeec4,Patricia Patterson MD
1622359d-aaee-46b1-83d2-85626ceff7c6,John Lowe
bbfea9f7-e70c-4051-9179-4256800b7b1f,Sean Barnes
5080b03e-3abb-49e2-a91c-01004ff0608f,Natasha Carter
1bfba173-0d47-40cc-bb13-cd1691709014,John Wilson
eddebca9-8ed7-45de-aa3d-cc446f154df0,Julie Wyatt
5ed8c61e-6bb3-4d04-b14e-dd08758d4448,Max Alvarez
a7b89ad0-eba6-4224-b520-454810108a37,Steven Williams
754d3731-c211-49cd-8d30-37b5dd9048e7,Elizabeth Chapman
cf80fed0-5b8c-4cfc-a501-eebd31f62499,Seth Ewing
85cca556-33f5-4098-8928-0687640be41b,Sue Bailey
834b854a-b707-47b9-8a96-900b9a64f526,Erin Murphy
80e41df7-ccf6-4dd9-8d36-e128d70d22be,Ellen Crawford
3148645c-fe82-46d6-b8f7-519b6e4eb827,Norman Martin
806b7868-752c-46be-bfb9-bf0dcd4782d5,Elizabeth Schmidt
079d1bb1-5b03-4a4d-b28f-6217f794a174,Michelle Tran
6db4e54c-3c1c-42a1-9b79-bb07c197901b,Brent Conrad
c60d5630-fcd0-4183-8000-a93396c1e3fb,Dr. Tina Thompson
65319f4d-3727-40af-83c4-946b896ce3ac,Carrie Abbott
4d1f9224-e654-41f7-97ca-e953d6ff92a1,Samantha Anthony
e41b207e-1117-4db8-a041-2f6420368a3a,Kevin Mcguire
5bc1e215-81ce-44a7-b3d4-4d2b60119937,Christopher James
7894aff0-ffe3-4b0c-a9ab-b8698b4ae4d7,William Wallace II
ddb6bfec-1ad5-4a56-b696-7c06d03f1fa1,Carolyn Carney
c4c1d09b-d1d6-467a-b6b2-a35b1955123b,Madison Austin
1dfe6538-1197-4e1c-9de7-d30d040fb95e,Kevin Farmer
90cd3da3-be7c-4183-a235-f275519184d0,Kimberly Evans
c6f144f9-33e8-4049-8f4c-4df9a15b5520,George Bennett
8b268457-a276-4b14-9147-830cb0f3529b,Jacqueline Cuevas
d619410f-bf02-4129-b11b-9a6923b7c7e9,Kathy Thompson
8a6d8101-4587-4bb2-a07f-246d27651232,Michelle Barton
0e8d56d6-2250-4fa1-a99c-7ee4af322c4e,Victoria Russo
51e7ac14-7f87-4e5e-8888-9b8e399bfdd1,Kimberly Gregory
b5278087-fa76-457d-8fef-0e14cab09f41,Christine Morgan
debd841b-d3a0-4192-976c-9a35ceafc714,Alexandra Cain
074d0982-ef21-4ece-899a-dd6cd9899dab,Diane Marshall
5f6ded7e-ac04-4868-94f1-30001f75925c,Hannah Ross
48253aaf-ceaa-40c7-9600-f0dba3befcdc,Kevin Elliott
1579ea95-02ca-442b-ad44-6644092ba982,Gregory Moore
535ad6b6-6c3e-4eb6-8460-620f42e9445c,Kimberly Johnson
6f30ca62-f166-4bff-8835-f46bfe4869cf,Paige Lawson
de1ad787-9fdd-4594-818d-5c6f7a867391,Audrey Marshall
841cbfec-f161-4558-b157-1724e619d97f,Timothy Gutierrez
6ef1e868-4a10-4be4-9d45-7bd8e8665362,Benjamin Adkins
74b40287-fb41-4744-8550-7350dd55c849,Michael Fernandez
56d83965-d4fe-4f89-820d-1caf7fa3a9fa,Nathaniel Lopez
2a379d26-9584-48a1-921a-95f2f06a5134,Andrea Jackson
73b62853-9590-4642-a543-a35c6bf01184,Charles Carpenter
c2e8608d-aecf-4221-b1de-b9acfc77c19a,Evan Marshall
9b85e1fb-c89e-4214-9aa5-cf1ec92eb31c,Elizabeth May
b3f08520-a98e-4028-b18f-45c7f1a7c543,Taylor White
b36938ff-f709-4da6-a234-61c4acf92fff,Shawn Rogers
ef990ae1-7711-4d39-bfce-b8c91c6be2ac,Latoya Garza
64f27f5f-4410-477f-929e-6382a74f7472,Margaret Hart
990f16f8-0df3-484c-9810-429b359178a4,Mark Lucas
c6ea94cc-6942-4c7b-8a09-60fdf69afc0e,Mr. Alfred Reynolds
c013d451-a359-42b6-9929-2161554dc8a5,Christopher Cain
a65d06a9-5c9e-46f9-bbd5-aadd72974776,Frederick Wiggins
898bd068-6380-4cb3-81dc-0768675d435c,Jerry Kelly
3c970490-19af-4d55-8feb-b57bb94dc382,Paula Garcia
12e809b1-d5dd-4b32-a562-8334d157a6b1,Andrew Lester
e342045b-8d2b-4d87-b5fb-c2b858aed85e,Steven Vaughn
c5fa27b2-55ce-4c74-b1b3-15f14b44a0c4,Ashley Le
88d221fe-b5ed-4b91-9487-15ac6c347f33,Jeffrey Browning
bbbeb07c-1c4a-4c0a-bbaa-9083826a0d16,Michael Jones
ef5fef60-e482-423b-9973-a965f106f5ac,Raven Johnson
3137ed15-f2e2-476f-8e16-3c2a6aecf9f9,Gilbert Kim
be99b6e6-2faf-4295-926a-c3d3606ab3fe,Michael Morris
a893c2e3-3a2a-4bc1-b29a-259a62801498,Janet Stein
d1061bab-c9af-451b-bd4c-49af2f29bf83,Thomas Peterson
1cd0ca0f-e3ad-49d4-938b-632d5aedb3ba,Heather Gomez MD
4ffb58af-60ef-4e7b-a99f-da52514ed60f,Melanie Scott
e4ccfa52-759d-409d-b35f-8b8378c3400e,Stephanie Watkins
2bb06043-7161-4773-87dd-3cd8068ccc41,Danielle Weaver
5be59638-13a6-4018-a636-d3b8f7313dbe,Patricia Williamson
475e5b92-742f-419a-ba11-9fd6d6085d57,Mark Taylor
9a3591ed-5bd9-43db-9679-5c538466447c,Maria Rivas
50d4854a-d16b-44b7-b4a5-7278364b9971,Wyatt Hickman
c541d9be-41f4-46bb-9771-ebb9e3d60b4b,Sydney Weiss
73d6a698-7fe6-4e41-9328-349c0d472b2d,Cynthia Gonzalez
75a735bb-895d-4b91-b170-7b9cf291d694,Lindsay Noble
fc0c324c-7067-4a20-8f6a-a15ed743c4ab,Lisa Aguirre
a2f1e4b5-8e33-4bfb-bb5f-7ccdab3adec1,Pamela Rosales
bba2de96-e5a7-4e7e-80b7-1adc23b24a13,Christina Williams
6811c1ba-0ce6-45c6-9407-e552c3be8595,Anthony Waller
4c01f191-a8c8-408e-8cf7-8a91fe928f21,William Diaz
65faf2b3-0c93-4588-8320-f8caf756cae8,Dustin Macias
62acfdc8-63b5-42db-b50d-16c861567869,Daniel Kaufman
437dba07-a2a8-47e4-9b13-a8678956f0ef,Jorge Ellis
b71464c3-1b8a-490d-947a-eaf85042f414,Kelly Lopez
0709d5b1-9149-4b25-950e-0d6cba91bde8,Michael Hernandez
28dd6460-eaa7-49ed-95c4-728c9000ebf2,Andrew Foster
d8606269-2917-4d1b-95d5-fc1a80a3a6ef,Richard Stone
5d3530e0-9ed5-4daa-8828-7a740d7c74f8,Ronnie Knight
b1921831-1e2e-495a-9edb-1fb1bced5018,Jeanne Morrison
f92f916e-0230-4827-a79a-3a001ce80275,Alexis Cervantes
aa0744a5-617f-40f0-bc35-4deec86d7b77,Lori Hall
a8735496-448e-4a0b-a3e4-0e33bb2c88a6,Jeremiah Smith
70193729-d3c9-477b-b993-16e0e3a837a4,Christopher Moore
bd04eb09-4bb8-401c-8215-d621f8519337,Sandra Farrell
b53a8060-6fc6-4d9e-9ac2-f474cd85602f,Cameron Fuentes
0481513b-bfa8-4d8c-8dc9-c598e5e2bd6b,Lisa Roberson
8eae9118-0dd8-492a-b29b-6e1f80fee85c,Jennifer Patterson
dc3ce3ac-f4a3-42e5-a422-dfe4e9a906b1,Tony Murphy
ece08d7c-ba2b-4d82-b03e-3cf57127e9b7,Jerome Martin
4f3aadfa-85ac-4f84-be2e-f13d28eab95d,Maria Cabrera
9e7f084d-761e-4df2-ae06-670e48d3d2bf,Manuel Mooney
9e3e9a0d-6225-44b6-ae02-1c715ae0908e,Jacob Ingram
110279fb-cfa5-4df8-84d5-74619bd9bed8,Roy Stewart
2a61cc58-c938-46fa-bc0d-f962deb488c3,Michelle Conner
91c08a2d-5791-4905-a9ae-de02b5cfb6dd,Mrs. Denise Allen
515abb75-fbc9-4b27-a862-cd903b4cafd4,Alexandra Chan
748f4237-b752-444f-89ae-869e0927139a,Benjamin Jackson
d76a98ad-791f-4085-b72b-312e2d0782b3,Dennis Lopez
c9fa5b6e-6e58-4ab9-bca5-d66b26e8bb94,Jeff Brown
d9247058-0708-42c8-82f8-2ac53d8751f9,Jeffrey White
33975785-9967-4383-a261-b50e3afd8e66,Alexandra Colon
e7788059-f3ba-42f6-8500-7b16e911bfad,Amanda Chapman
147feb91-c180-4966-a642-20411bf4abd4,Brandon Parker
566ab876-f312-49df-906d-bfc66177a3c1,Robert Everett
2f264d36-3ba5-4cc3-b6a5-93b5a28d79be,Kelly Johnson
5b684c90-ab72-42af-afe8-db3a24b3752e,Joshua Harris
241765d1-dcb4-4025-84a1-9b4c46617a1a,Hailey Galloway
405ee25c-304b-4f61-a22a-99aae710bd58,Annette Turner
aa1a77b8-eed1-41fc-b0c1-63a61dfd6670,Paul Huff
22946c28-a397-4261-a1c2-64060160a244,Larry Ward
982cd141-0a28-4423-96a3-34c6fe58c9ae,Mary Pacheco
c22384c1-9825-4c57-86a8-0c52161da83c,Eddie Brown
831608e1-af31-4108-a71c-33759d7bb7dc,Ryan Nash
3849de0b-7c95-434a-acc2-f131d35cb85a,Jeffrey Joyce
3aa959aa-092b-4def-9ab6-6e2cd3be42d8,David English
3bc20cb0-9c67-4e54-980d-eeebec6aa237,Jordan Mccullough
618905eb-51aa-4714-b77b-7dde7c8c7af1,Maria Nelson
181dd998-f00c-43f3-9eac-494f9f5076f5,Miguel Ruiz
bc99a153-ded5-435f-820c-fd8a92807005,Amanda Nelson
c69b9e8d-d79d-4f1e-9bfa-b7b7e6b8d734,Alicia Blake
d1eefec3-9f93-4a8a-b96f-78e175263e31,Scott Smith
f4915ce6-8a12-4eb9-8204-5ec4d878b1cd,John Phillips
219dd298-e100-4775-aac2-65c38b845c81,Paula Craig
817848f5-7855-402c-b63e-c32d1dece766,Joseph Murray
5f6639b5-5482-4044-920e-7114d1816e30,Kyle Evans
19525b26-b5d6-49f9-9e5e-d244afc91624,Christopher Thompson
778e14ef-f0e0-4c39-bd8a-10ea5fc951de,Stephanie Evans
217797ee-0ef7-4f89-875b-db0f97d0906f,Natasha Johnston
5ff6df5d-160b-46f2-9099-20b4adb124f9,Tyler Miller
85da123d-35a0-4fac-952b-943c01328c2a,Amber Small
8fa24bd8-b77e-499b-ac09-cd59f243adc1,Matthew Roberts
4ec51142-cb41-48c5-98a7-3716e3ed98a4,Bryan Thomas
67a6b483-231b-492a-b4c5-697476fe18c0,Kimberly Morris
69a15ffa-c70a-4d1e-9f1d-884b96e23708,Mrs. Stephanie Riley
4cee1bc5-677c-4429-bc62-c1f36eb80aab,Tyrone Williams
8388818d-a632-4a0b-9005-3100150ac02c,Calvin Strong
a3ddd116-dc68-4185-a1f9-76e42cef6e53,Larry French
87f41c62-c35c-4e62-a412-5ac7faa550e9,Paula Mcdonald
c35b847f-dddc-4751-93b2-47b9e47faec5,Johnny Ward
9f0a38d0-cd94-429d-851b-6b599a6bb05e,Aaron Wilson
f703c6ad-dd73-4ad4-a8f4-d35259007ee4,Melanie Ramirez
c1ef5ead-ca19-4222-aefc-9196a5d45dda,Paul Perez
4d9ea029-ead3-46f9-8f30-4f03835391c2,Sarah Smith
c116387b-9ca8-469c-a019-303cc9cd0152,Katherine Lutz
91824c71-8588-4ef2-a948-61428176653d,Christopher Hess
12c2aba1-e7b4-43f5-9913-24aa23fab594,Rachael Kelly
185e8cd6-493c-4ebe-80c0-dee94ad77ca9,Megan Johnston
81722b0a-d2b3-4a2f-b559-e17e984d3566,Lisa Lee
d7aade54-5efd-400f-adcd-90538c6bde27,Barry Maxwell
383d56bd-b66d-4ffd-88b7-1b316a5ff0bf,Sharon Sawyer
bc4e6b55-cc5b-44c3-b762-0e84bc30b7d1,Alexis Gutierrez
1be692d3-b750-42a7-9fbe-492f5b751adf,Molly Kent
cc9a30c2-1469-422c-a290-42bf28cd3288,John Henderson
613eddd6-e40b-47f8-aefd-0d1ad6047e3b,Jennifer Manning
f583e9a1-1139-495c-a844-eb639d141574,Terry Simpson
899ce2e6-d1b7-47dd-8884-9c9b99d014c6,Stephanie Thomas
52079de9-6101-4001-a8e3-9485d9612cc3,Brandy Joseph
61fb9309-6c20-4e1c-8b6e-b93583444c44,Michael Baxter
1de7a53b-501b-4d7f-a9a7-a85c80acacab,Timothy Young
b6e76331-c80e-4065-8a31-5e6a4f9b3187,Casey Estrada
86f9cce7-60ff-4d94-a3bb-2dc5ab0ace9a,Lawrence Clark
148fa02e-2567-478f-ad95-a8302358c22d,Michael Harrington
99cf7893-204e-456a-896f-c347c963c93f,Daniel Chapman
c432ebc1-fc92-4f3c-9604-2d5dbb2b2623,Deborah Patterson
4a41ae0f-9880-4f23-826d-1f6b9ec39510,Joseph Pope
3d912a7f-96ea-497f-a661-bcecfc254d7c,Dennis Kane
34a7c73c-1a9b-4b8c-90ae-2830df53b994,Anthony Ramsey
ff061c46-4da8-4f8c-ae8f-220f54fd83c2,John Williams
bb4e23a2-bb60-44bd-b6a1-12dc1fc5b2ac,Sally Olson
5fc3d832-2663-43b3-83c4-68f2bc75c8f7,Kathleen Kane
ad8d966b-4dbc-4c49-a1bb-bac15237ed0a,Jacob Brown
a726a4af-f9a7-4ac0-846b-959cb35b5e2b,Kimberly Haney
53effc8e-88be-4ce3-b51e-b20e260fd6fb,Nathan Cox
cabf4f0b-8e0c-4376-b163-901a4bddd6f9,Diana Robinson
21fd844d-5198-47f5-ac96-f5c08c536379,John Fischer
68291b5d-8d90-41cf-aff2-232480b726d7,Douglas Burgess
bf3ada9c-7340-4e28-b096-02d2ffa6ab0e,Dominique Reed
35e65c56-7e48-4f5d-a68f-c8fe37e874d6,Melissa Mcknight
78f9511a-a836-4d0a-8da3-9aa063957cad,Lisa Lopez
4f5ec6d7-b9df-4215-ab79-1defb946acaa,Danielle Griffin
8daf6741-75c3-4cd5-b4bf-dd75ee37850c,Mark Brown MD
712502e9-d745-4b00-b88d-32b78a5d8be8,Heather Henderson
f624e7cb-3468-4e48-ba20-7826a3499b1c,Samantha Ward
5784010a-6916-44cf-83d1-ad0fe02d822d,Dorothy Arnold MD
2fe2f9cc-aeab-4160-b4e1-5d45588af840,Megan Brown
e22690d5-daff-41ae-83c2-d1096b8ae4a3,John Roberts
0cc394b4-ed31-4d4a-8735-ac071b7f0f58,Cynthia Owens
b1aa88aa-1077-4eec-bd55-457361ae36d7,Steven Reyes
1ca9a9a2-734f-4f71-a863-66b1708f1bdd,Brandon Fisher
acd758b9-21e0-497e-9105-1526c7cc7904,Emily Bennett
0cd95987-0fed-41ff-ac18-c020b710a44d,Karen Oliver
fa010d42-033a-4dfb-80f1-0a161cb2e77d,William Rodriguez
bc74609a-860a-4754-878e-80a1423061e7,James Beck
eb17105d-7954-46df-87f6-313e19025980,Justin Chambers
43b428a3-531f-4e14-892f-73bd1b707e6b,Jason Gibbs
d4126cca-1e4c-41cf-a41b-4ad4263b0ebf,Elizabeth Lynch MD
f20640c2-db3c-400f-85cd-8c36bcf1ab2c,Emily Bishop
bb252ef7-ac21-401c-b191-f30e7f0aa696,Kimberly Johnson
94f03a92-5814-4bc3-8628-fde91e1b4cd4,Evan Williams
2ae6f0a7-66ea-4fda-9ae4-82dee0b14127,Mrs. Veronica Murphy
7b32ac95-d054-4c0a-9945-1a506ef22102,Tracy Santos
0c9447f7-7977-4a34-aefa-8f30b5dad8c6,Derrick Smith
ae58556b-b39f-41cc-9412-8d2c97ac4c5c,Matthew Green
9a3438f2-4efa-445b-bc3f-c7eaa27e317d,Jennifer Castro
ece994f1-dfdf-49a2-a269-a1d8a7e11561,Nicholas Benson
6cb8bfe3-4f59-47f3-b845-d43378a6e4f2,Douglas Vasquez
16572996-0310-43d5-a1b1-4a729744fbf0,Trevor Bell DDS
7bd7d070-66f3-4ca6-b2db-0fbb7aaf7f16,John Jones
e7f3aee7-8f84-4969-877b-fe68a3e145f4,Sydney Eaton
b85f2c2c-2ba6-4f9c-b398-f7d3fa2d2a99,Vincent Carr
e0177d06-6624-4818-b77a-f866066553dc,Lori Rhodes
2b435c01-9836-4f2a-a161-5087ffab8fac,Patrick Walls
4c6f2b5d-dd9a-4d01-ada7-51f3a978966c,Erika Roy
2247f28a-a0de-4645-85ac-31724e537625,Devin Cabrera
1176e51b-7883-4b5b-adac-d6a3b4df77b0,Michael Rodriguez
0d4127bd-820a-44e5-8a31-70bdb456c7ba,Kimberly Mccann
17728b53-7d26-414b-a9a0-6e66a6e0bd7e,Angela Liu
15048bea-e206-4ccc-81e3-1e71e1f081b0,Richard Cannon
67a57802-eac7-4824-8903-14866a9d2efe,Tina Grant
71c86b43-21a6-4585-bd5a-950c863f5ee5,Crystal Thompson
bad15b97-acc2-40f0-9fb7-e4410186a396,Dr. David Murphy
e9da5035-681b-4a9f-8dea-4c3911985d6e,Lindsay Shepard
94f44a41-7197-4b30-806c-ef4a7c2c72be,Sarah Yang
